CODMES,CODPROD,DESC_PROD,UBICA,PRE_REG,PRE_OFE,PCT_DSCTO,UN_ESTIMADAS,UN_DEMANDADAS,TRAF_TDA_CLI,TIPO_CAMB,MAPE
201802,8019010,VELA PERFUMADA 3 MEDIANA,Nivel Alto Anaquel,74,44.9,0.39,1105,751,140209,2.554,0.471
201803,8019010,VELA PERFUMADA 3 MEDIANA,Nivel Alto Anaquel,74,49.9,0.33,751,736,137783,2.572,0.02
201805,8019010,VELA PERFUMADA 3 MEDIANA,Nivel Alto Anaquel,76,46.9,0.38,736,1130,132480,2.594,0.349
201807,8019010,VELA PERFUMADA 3 MEDIANA,Nivel Alto Anaquel,76,52.9,0.3,1130,512,144259,2.621,1.207
201809,8019010,VELA PERFUMADA 3 MEDIANA,Nivel Alto Anaquel,76,52.9,0.3,512,470,144582,2.716,0.089
201811,8019010,VELA PERFUMADA 3 MEDIANA,Nivel Alto Anaquel,76,44.9,0.41,470,1395,148618,2.775,0.663
201812,8019010,VELA PERFUMADA 3 MEDIANA,Cabecera de Gondola,76,33.9,0.55,1395,14192,144560,2.794,0.902
201901,8019010,VELA PERFUMADA 3 MEDIANA,Centro de Anaquel,76,37.9,0.5,14192,3418,149276,2.81,3.152
201902,8019010,VELA PERFUMADA 3 MEDIANA,Nivel Alto Anaquel,76,52.9,0.3,3418,9,139074,2.772,378.778
201903,8019010,VELA PERFUMADA 3 MEDIANA,Nivel Alto Anaquel,76,44.9,0.41,9,1562,139525,2.776,0.994
201904,8019010,VELA PERFUMADA 3 MEDIANA,Cabecera de Gondola,76,34.9,0.54,1562,15353,137034,2.771,0.898
201905,8019010,VELA PERFUMADA 3 MEDIANA,Nivel Alto Anaquel,76,52.9,0.3,15353,737,138018,2.802,19.832
201906,8019010,VELA PERFUMADA 3 MEDIANA,Nivel Alto Anaquel,76,52.9,0.3,737,790,131891,2.79,0.067
201909,8019010,VELA PERFUMADA 3 MEDIANA,Nivel Alto Anaquel,76,52.9,0.3,790,461,116299,2.821,0.714
201910,8019010,VELA PERFUMADA 3 MEDIANA,Nivel Alto Anaquel,80,42.9,0.46,461,619,118188,2.806,0.255
201912,8019010,VELA PERFUMADA 3 MEDIANA,Nivel Alto Anaquel,80,54.9,0.31,619,689,119694,2.798,0.102
202001,8019010,VELA PERFUMADA 3 MEDIANA,Centro de Anaquel,80,34.95,0.56,689,2460,127615,2.81,0.72
202001,8019010,VELA PERFUMADA 3 MEDIANA,Nivel Alto Anaquel,80,54.9,0.31,2460,243,127615,2.81,9.123
202002,8019010,VELA PERFUMADA 3 MEDIANA,Cabecera de Gondola,80,34.9,0.56,243,15745,118552,2.824,0.985
202003,8019010,VELA PERFUMADA 3 MEDIANA,Nivel Bajo Anaquel,80,80,0,15745,196,129348,2.83,79.332
202004,8019010,VELA PERFUMADA 3 MEDIANA,Nivel Alto Anaquel,80,49.9,0.38,196,1234,132351,2.836,0.841
202005,8019010,VELA PERFUMADA 3 MEDIANA,Cabecera de Gondola,80,34.9,0.56,1234,15833,136865,2.842,0.922
202006,8019010,VELA PERFUMADA 3 MEDIANA,Centro de Anaquel,80,39.9,0.5,15833,2112,135748,2.848,6.497
202008,8019010,VELA PERFUMADA 3 MEDIANA,Centro de Anaquel,80,39.9,0.5,2112,2016,141185,2.86,0.048
202010,8019010,VELA PERFUMADA 3 MEDIANA,Nivel Alto Anaquel,80,49.9,0.38,2016,1269,145019,2.872,0.589
202011,8019010,VELA PERFUMADA 3 MEDIANA,Cabecera de Gondola,80,34.9,0.56,1269,16353,147122,2.878,0.922
202012,8019010,VELA PERFUMADA 3 MEDIANA,Centro de Anaquel,80,39.9,0.5,16353,2453,143754,2.884,5.667
202012,8019010,VELA PERFUMADA 3 MEDIANA,Nivel Alto Anaquel,80,49.9,0.38,2453,325,143754,2.884,6.548
201801,13019250,VELA PERFUMADA 1 MEDIANA,Centro de Anaquel,74,36.9,0.5,325,10394,125771,2.551,0.969
201804,13019250,VELA PERFUMADA 1 MEDIANA,Nivel Alto Anaquel,75,44.9,0.4,10394,2791,138996,2.587,2.724
201805,13019250,VELA PERFUMADA 1 MEDIANA,Cabecera de Gondola,75,36.9,0.51,2791,10949,132480,2.594,0.745
201806,13019250,VELA PERFUMADA 1 MEDIANA,Centro de Anaquel,75,39.9,0.47,10949,5508,147994,2.586,0.988
201807,13019250,VELA PERFUMADA 1 MEDIANA,Nivel Alto Anaquel,75,51.9,0.31,5508,233,144259,2.621,22.639
201808,13019250,VELA PERFUMADA 1 MEDIANA,Nivel Alto Anaquel,75,51.9,0.31,233,708,135043,2.629,0.671
201809,13019250,VELA PERFUMADA 1 MEDIANA,Cabecera de Gondola,75,35.9,0.52,708,14159,144582,2.716,0.95
201810,13019250,VELA PERFUMADA 1 MEDIANA,Centro de Anaquel,75,36.9,0.51,14159,4416,144188,2.771,2.206
201812,13019250,VELA PERFUMADA 1 MEDIANA,Centro de Anaquel,75,36.9,0.51,4416,5572,144560,2.794,0.207
201901,13019250,VELA PERFUMADA 1 MEDIANA,Cabecera de Gondola,75,34.9,0.53,5572,16057,149276,2.81,0.653
201904,13019250,VELA PERFUMADA 1 MEDIANA,Nivel Alto Anaquel,75,44.9,0.4,16057,350,137034,2.771,44.877
201905,13019250,VELA PERFUMADA 1 MEDIANA,Nivel Alto Anaquel,75,48.9,0.35,350,25,138018,2.802,13
201906,13019250,VELA PERFUMADA 1 MEDIANA,Centro de Anaquel,75,36.9,0.51,25,6741,131891,2.79,0.996
201907,13019250,VELA PERFUMADA 1 MEDIANA,Centro de Anaquel,75,36.9,0.51,6741,4826,117980,2.791,0.397
201908,13019250,VELA PERFUMADA 1 MEDIANA,Centro de Anaquel,75,36.9,0.51,4826,0,119003,2.811,0
201908,13019250,VELA PERFUMADA 1 MEDIANA,Centro de Anaquel,75,36.9,0.51,0,3945,119003,2.811,1
201909,13019250,VELA PERFUMADA 1 MEDIANA,Centro de Anaquel,75,36.9,0.51,3945,0,116299,2.821,0
201909,13019250,VELA PERFUMADA 1 MEDIANA,Cabecera de Gondola,75,36.9,0.51,0,10750,116299,2.821,1
201910,13019250,VELA PERFUMADA 1 MEDIANA,Nivel Alto Anaquel,75,45.9,0.39,10750,851,118188,2.806,11.632
201910,13019250,VELA PERFUMADA 1 MEDIANA,Cabecera de Gondola,75,36.9,0.51,851,0,118188,2.806,0
201911,13019250,VELA PERFUMADA 1 MEDIANA,Cabecera de Gondola,75,34.9,0.53,0,14875,119271,2.808,1
201912,13019250,VELA PERFUMADA 1 MEDIANA,Centro de Anaquel,75,36.9,0.51,14875,6921,119694,2.798,1.149
202003,13019250,VELA PERFUMADA 1 MEDIANA,Centro de Anaquel,75,36.9,0.51,6921,3060,129348,2.83,1.262
202003,13019250,VELA PERFUMADA 1 MEDIANA,Nivel Alto Anaquel,75,49.9,0.33,3060,486,129348,2.83,5.296
202004,13019250,VELA PERFUMADA 1 MEDIANA,Cabecera de Gondola,75,34.9,0.53,486,15720,132351,2.836,0.969
202005,13019250,VELA PERFUMADA 1 MEDIANA,Nivel Alto Anaquel,75,44.9,0.4,15720,1384,136865,2.842,10.358
202008,13019250,VELA PERFUMADA 1 MEDIANA,Nivel Alto Anaquel,75,49.9,0.33,1384,500,141185,2.86,1.768
202010,13019250,VELA PERFUMADA 1 MEDIANA,Centro de Anaquel,75,37.45,0.5,500,4122,145019,2.872,0.879
202010,13019250,VELA PERFUMADA 1 MEDIANA,Nivel Alto Anaquel,75,49.9,0.33,4122,408,145019,2.872,9.103
201801,14019010,VELA PERFUMADA 4 GRANDE,Cabecera de Gondola,170,84.9,0.5,408,1637,125771,2.551,0.751
201802,14019010,VELA PERFUMADA 4 GRANDE,Nivel Bajo Anaquel,170,170,0,1637,48,140209,2.554,33.104
201803,14019010,VELA PERFUMADA 4 GRANDE,Nivel Alto Anaquel,170,118.9,0.3,48,113,137783,2.572,0.575
201804,14019010,VELA PERFUMADA 4 GRANDE,Nivel Bajo Anaquel,173,173,0,113,54,138996,2.587,1.093
201806,14019010,VELA PERFUMADA 4 GRANDE,Nivel Bajo Anaquel,173,173,0,54,105,147994,2.586,0.486
201808,14019010,VELA PERFUMADA 4 GRANDE,Nivel Alto Anaquel,173,121.9,0.3,105,81,135043,2.629,0.296
201810,14019010,VELA PERFUMADA 4 GRANDE,Nivel Alto Anaquel,173,124.9,0.28,81,173,144188,2.771,0.532
201811,14019010,VELA PERFUMADA 4 GRANDE,Nivel Alto Anaquel,173,119,0.31,173,167,148618,2.775,0.036
201812,14019010,VELA PERFUMADA 4 GRANDE,Nivel Alto Anaquel,173,129.9,0.25,167,47,144560,2.794,2.553
201901,14019010,VELA PERFUMADA 4 GRANDE,Nivel Alto Anaquel,173,119.9,0.31,47,158,149276,2.81,0.703
201902,14019010,VELA PERFUMADA 4 GRANDE,Nivel Alto Anaquel,173,129.9,0.25,158,116,139074,2.772,0.362
201903,14019010,VELA PERFUMADA 4 GRANDE,Nivel Alto Anaquel,173,128.9,0.25,116,106,139525,2.776,0.094
201904,14019010,VELA PERFUMADA 4 GRANDE,Nivel Alto Anaquel,173,129.9,0.25,106,100,137034,2.771,0.06
201905,14019010,VELA PERFUMADA 4 GRANDE,Cabecera de Gondola,173,84.9,0.51,100,2131,138018,2.802,0.953
201907,14019010,VELA PERFUMADA 4 GRANDE,Cabecera de Gondola,173,84.9,0.51,2131,2585,117980,2.791,0.176
201908,14019010,VELA PERFUMADA 4 GRANDE,Nivel Alto Anaquel,173,119.9,0.31,2585,140,119003,2.811,17.464
201910,14019010,VELA PERFUMADA 4 GRANDE,Cabecera de Gondola,174,84.9,0.51,140,1733,118188,2.806,0.919
201911,14019010,VELA PERFUMADA 4 GRANDE,Nivel Bajo Anaquel,174,174,0,1733,75,119271,2.808,22.107
201912,14019010,VELA PERFUMADA 4 GRANDE,Nivel Alto Anaquel,174,99.9,0.43,75,177,119694,2.798,0.576
202001,14019010,VELA PERFUMADA 4 GRANDE,Cabecera de Gondola,174,79.9,0.54,177,2669,127615,2.81,0.934
202004,14019010,VELA PERFUMADA 4 GRANDE,Centro de Anaquel,174,86.9,0.5,2669,1457,132351,2.836,0.832
202005,14019010,VELA PERFUMADA 4 GRANDE,Nivel Alto Anaquel,174,99.9,0.43,1457,140,136865,2.842,9.407
202006,14019010,VELA PERFUMADA 4 GRANDE,Nivel Bajo Anaquel,174,174,0,140,59,135748,2.848,1.373
202007,14019010,VELA PERFUMADA 4 GRANDE,Cabecera de Gondola,174,84.9,0.51,59,2578,139501,2.854,0.977
202008,14019010,VELA PERFUMADA 4 GRANDE,Nivel Bajo Anaquel,174,174,0,2578,65,141185,2.86,38.662
202010,14019010,VELA PERFUMADA 4 GRANDE,Nivel Alto Anaquel,174,119.9,0.31,65,123,145019,2.872,0.472
201801,20019150,VELA PERFUMADA 6 MEDIANA,Cabecera de Gondola,62,26.9,0.57,123,12195,125771,2.551,0.99
201802,20019150,VELA PERFUMADA 6 MEDIANA,Nivel Alto Anaquel,62,39.9,0.36,12195,320,140209,2.554,37.109
201803,20019150,VELA PERFUMADA 6 MEDIANA,Nivel Alto Anaquel,62,42.9,0.31,320,100,137783,2.572,2.2
201804,20019150,VELA PERFUMADA 6 MEDIANA,Nivel Alto Anaquel,64,37.9,0.41,100,654,138996,2.587,0.847
201806,20019150,VELA PERFUMADA 6 MEDIANA,Nivel Alto Anaquel,64,41.9,0.35,654,388,147994,2.586,0.686
201807,20019150,VELA PERFUMADA 6 MEDIANA,Nivel Alto Anaquel,64,43.9,0.31,388,96,144259,2.621,3.042
201808,20019150,VELA PERFUMADA 6 MEDIANA,Centro de Anaquel,64,31.9,0.5,96,2846,135043,2.629,0.966
201809,20019150,VELA PERFUMADA 6 MEDIANA,Nivel Alto Anaquel,64,41.9,0.35,2846,224,144582,2.716,11.705
201810,20019150,VELA PERFUMADA 6 MEDIANA,Centro de Anaquel,64,29.9,0.53,224,2863,144188,2.771,0.922
201811,20019150,VELA PERFUMADA 6 MEDIANA,Nivel Alto Anaquel,64,37.9,0.41,2863,806,148618,2.775,2.552
201812,20019150,VELA PERFUMADA 6 MEDIANA,Nivel Alto Anaquel,64,37.9,0.41,806,576,144560,2.794,0.399
201902,20019150,VELA PERFUMADA 6 MEDIANA,Nivel Alto Anaquel,64,37.9,0.41,576,788,139074,2.772,0.269
201903,20019150,VELA PERFUMADA 6 MEDIANA,Nivel Alto Anaquel,64,37.9,0.41,788,894,139525,2.776,0.119
201904,20019150,VELA PERFUMADA 6 MEDIANA,Nivel Alto Anaquel,64,39.9,0.38,894,133,137034,2.771,5.722
201905,20019150,VELA PERFUMADA 6 MEDIANA,Nivel Alto Anaquel,64,47.9,0.25,133,12,138018,2.802,10.083
201908,20019150,VELA PERFUMADA 6 MEDIANA,Centro de Anaquel,64,31.9,0.5,12,1816,119003,2.811,0.993
201909,20019150,VELA PERFUMADA 6 MEDIANA,Nivel Alto Anaquel,64,37.9,0.41,1816,966,116299,2.821,0.88
201911,20019150,VELA PERFUMADA 6 MEDIANA,Nivel Alto Anaquel,70,49.9,0.29,966,225,119271,2.808,3.293
201912,20019150,VELA PERFUMADA 6 MEDIANA,Centro de Anaquel,70,34.9,0.5,225,2985,119694,2.798,0.925
202002,20019150,VELA PERFUMADA 6 MEDIANA,Centro de Anaquel,70,39.9,0.43,2985,926,118552,2.824,2.224
202002,20019150,VELA PERFUMADA 6 MEDIANA,Nivel Alto Anaquel,70,49.9,0.29,926,38,118552,2.824,23.368
202003,20019150,VELA PERFUMADA 6 MEDIANA,Nivel Alto Anaquel,70,44.9,0.36,38,321,129348,2.83,0.882
202004,20019150,VELA PERFUMADA 6 MEDIANA,Centro de Anaquel,70,34.9,0.5,321,4094,132351,2.836,0.922
202008,20019150,VELA PERFUMADA 6 MEDIANA,Nivel Alto Anaquel,70,41.9,0.4,4094,429,141185,2.86,8.543
202010,20019150,VELA PERFUMADA 6 MEDIANA,Centro de Anaquel,70,34.9,0.5,429,2035,145019,2.872,0.789
201801,74019010,VELA PERFUMADA 10 MEDIANA,Nivel Alto Anaquel,50,34.9,0.3,2035,1364,125771,2.551,0.492
201804,74019010,VELA PERFUMADA 10 MEDIANA,Nivel Alto Anaquel,50,29.9,0.4,1364,1100,138996,2.587,0.24
201806,74019010,VELA PERFUMADA 10 MEDIANA,Nivel Alto Anaquel,50,29.9,0.4,1100,7571,147994,2.586,0.855
201808,74019010,VELA PERFUMADA 10 MEDIANA,Nivel Alto Anaquel,50,29.9,0.4,7571,819,135043,2.629,8.244
201810,74019010,VELA PERFUMADA 10 MEDIANA,Nivel Alto Anaquel,50,29.9,0.4,819,852,144188,2.771,0.039
201811,74019010,VELA PERFUMADA 10 MEDIANA,Cabecera de Gondola,50,24.9,0.5,852,12337,148618,2.775,0.931
201901,74019010,VELA PERFUMADA 10 MEDIANA,Centro de Anaquel,50,24.9,0.5,12337,2346,149276,2.81,4.259
201903,74019010,VELA PERFUMADA 10 MEDIANA,Nivel Alto Anaquel,50,32.9,0.34,2346,1556,139525,2.776,0.508
201904,74019010,VELA PERFUMADA 10 MEDIANA,Cabecera de Gondola,50,24.9,0.5,1556,5535,137034,2.771,0.719
201906,74019010,VELA PERFUMADA 10 MEDIANA,Nivel Alto Anaquel,50,31.9,0.36,5535,220,131891,2.79,24.159
201907,74019010,VELA PERFUMADA 10 MEDIANA,Cabecera de Gondola,50,24.9,0.5,220,6115,117980,2.791,0.964
201908,74019010,VELA PERFUMADA 10 MEDIANA,Cabecera de Gondola,50,24.9,0.5,6115,0,119003,2.811,0
201909,74019010,VELA PERFUMADA 10 MEDIANA,Nivel Alto Anaquel,50,41.9,0.16,0,55,116299,2.821,1
201910,74019010,VELA PERFUMADA 10 MEDIANA,Centro de Anaquel,51,24.9,0.51,55,3837,118188,2.806,0.986
201911,74019010,VELA PERFUMADA 10 MEDIANA,Cabecera de Gondola,51,24.9,0.51,3837,13159,119271,2.808,0.708
202001,74019010,VELA PERFUMADA 10 MEDIANA,Cabecera de Gondola,51,26.9,0.47,13159,4622,127615,2.81,1.847
202003,74019010,VELA PERFUMADA 10 MEDIANA,Centro de Anaquel,51,24.95,0.51,4622,685,129348,2.83,5.747
202004,74019010,VELA PERFUMADA 10 MEDIANA,Centro de Anaquel,51,24.9,0.51,685,2915,132351,2.836,0.765
202005,74019010,VELA PERFUMADA 10 MEDIANA,Cabecera de Gondola,51,24.9,0.51,2915,11765,136865,2.842,0.752
202007,74019010,VELA PERFUMADA 10 MEDIANA,Nivel Alto Anaquel,51,35.9,0.3,11765,495,139501,2.854,22.768
202008,74019010,VELA PERFUMADA 10 MEDIANA,Cabecera de Gondola,51,25.9,0.49,495,14988,141185,2.86,0.967
202009,74019010,VELA PERFUMADA 10 MEDIANA,Centro de Anaquel,51,24.9,0.51,14988,3836,142949,2.866,2.907
202011,74019010,VELA PERFUMADA 10 MEDIANA,Nivel Alto Anaquel,51,29.9,0.41,3836,1438,147122,2.878,1.668
202012,74019010,VELA PERFUMADA 10 MEDIANA,Cabecera de Gondola,51,25.9,0.49,1438,13036,143754,2.884,0.89
201801,76019110,VELA PERFUMADA 2 MEDIANA,Nivel Bajo Anaquel,148,148,0,13036,78,125771,2.551,166.128
201802,76019110,VELA PERFUMADA 2 MEDIANA,Cabecera de Gondola,148,81.9,0.45,78,1730,140209,2.554,0.955
201804,76019110,VELA PERFUMADA 2 MEDIANA,Nivel Alto Anaquel,155,107.9,0.3,1730,33,138996,2.587,51.424
201805,76019110,VELA PERFUMADA 2 MEDIANA,Nivel Alto Anaquel,155,108.9,0.3,33,105,132480,2.594,0.686
201806,76019110,VELA PERFUMADA 2 MEDIANA,Cabecera de Gondola,155,81.9,0.47,105,1356,147994,2.586,0.923
201807,76019110,VELA PERFUMADA 2 MEDIANA,Nivel Alto Anaquel,155,116.9,0.25,1356,138,144259,2.621,8.826
201809,76019110,VELA PERFUMADA 2 MEDIANA,Nivel Bajo Anaquel,155,155,0,138,80,144582,2.716,0.725
201810,76019110,VELA PERFUMADA 2 MEDIANA,Cabecera de Gondola,155,82.9,0.47,80,1647,144188,2.771,0.951
201811,76019110,VELA PERFUMADA 2 MEDIANA,Nivel Alto Anaquel,155,108.9,0.3,1647,96,148618,2.775,16.156
201812,76019110,VELA PERFUMADA 2 MEDIANA,Nivel Alto Anaquel,155,114.9,0.26,96,47,144560,2.794,1.043
201901,76019110,VELA PERFUMADA 2 MEDIANA,Cabecera de Gondola,155,79.9,0.48,47,1375,149276,2.81,0.966
201903,76019110,VELA PERFUMADA 2 MEDIANA,Nivel Alto Anaquel,155,114.9,0.26,1375,72,139525,2.776,18.097
201904,76019110,VELA PERFUMADA 2 MEDIANA,Cabecera de Gondola,155,84.9,0.45,72,385,137034,2.771,0.813
201905,76019110,VELA PERFUMADA 2 MEDIANA,Nivel Alto Anaquel,155,122.9,0.21,385,57,138018,2.802,5.754
201907,76019110,VELA PERFUMADA 2 MEDIANA,Nivel Bajo Anaquel,155,155,0,57,45,117980,2.791,0.267
201908,76019110,VELA PERFUMADA 2 MEDIANA,Nivel Alto Anaquel,155,114.9,0.26,45,53,119003,2.811,0.151
201910,76019110,VELA PERFUMADA 2 MEDIANA,Nivel Alto Anaquel,156,119.9,0.23,53,18,118188,2.806,1.944
201911,76019110,VELA PERFUMADA 2 MEDIANA,Nivel Bajo Anaquel,156,156,0,18,53,119271,2.808,0.66
201912,76019110,VELA PERFUMADA 2 MEDIANA,Cabecera de Gondola,156,79.9,0.49,53,1192,119694,2.798,0.956
202001,76019110,VELA PERFUMADA 2 MEDIANA,Nivel Alto Anaquel,156,114.9,0.26,1192,91,127615,2.81,12.099
202003,76019110,VELA PERFUMADA 2 MEDIANA,Nivel Bajo Anaquel,156,156,0,91,64,129348,2.83,0.422
202004,76019110,VELA PERFUMADA 2 MEDIANA,Nivel Alto Anaquel,156,114.9,0.26,64,70,132351,2.836,0.086
202005,76019110,VELA PERFUMADA 2 MEDIANA,Cabecera de Gondola,156,84.9,0.46,70,1728,136865,2.842,0.959
202005,76019110,VELA PERFUMADA 2 MEDIANA,Cabecera de Gondola,156,73.9,0.53,1728,64,136865,2.842,26
202006,76019110,VELA PERFUMADA 2 MEDIANA,Nivel Bajo Anaquel,156,156,0,64,62,135748,2.848,0.032
202008,76019110,VELA PERFUMADA 2 MEDIANA,Nivel Alto Anaquel,156,109.9,0.3,62,91,141185,2.86,0.319
202009,76019110,VELA PERFUMADA 2 MEDIANA,Cabecera de Gondola,156,79.9,0.49,91,1760,142949,2.866,0.948
202010,76019110,VELA PERFUMADA 2 MEDIANA,Nivel Alto Anaquel,156,109.9,0.3,1760,81,145019,2.872,20.728
202012,76019110,VELA PERFUMADA 2 MEDIANA,Nivel Alto Anaquel,156,109.9,0.3,81,13,143754,2.884,5.231
201801,78019010,VELA PERFUMADA 11 MEDIANA,Nivel Alto Anaquel,62,44.9,0.28,13,797,125771,2.551,0.984
201804,78019010,VELA PERFUMADA 11 MEDIANA,Nivel Alto Anaquel,64,44.9,0.3,797,559,138996,2.587,0.426
201805,78019010,VELA PERFUMADA 11 MEDIANA,Centro de Anaquel,64,31.9,0.5,559,7079,132480,2.594,0.921
201806,78019010,VELA PERFUMADA 11 MEDIANA,Centro de Anaquel,64,31.9,0.5,7079,6719,147994,2.586,0.054
201807,78019010,VELA PERFUMADA 11 MEDIANA,Nivel Alto Anaquel,64,44.9,0.3,6719,92,144259,2.621,72.033
201808,78019010,VELA PERFUMADA 11 MEDIANA,Nivel Alto Anaquel,64,41.9,0.35,92,1109,135043,2.629,0.917
201809,78019010,VELA PERFUMADA 11 MEDIANA,Nivel Alto Anaquel,64,43.9,0.31,1109,752,144582,2.716,0.475
201811,78019010,VELA PERFUMADA 11 MEDIANA,Nivel Alto Anaquel,64,37.9,0.41,752,2974,148618,2.775,0.747
201812,78019010,VELA PERFUMADA 11 MEDIANA,Nivel Alto Anaquel,64,37.9,0.41,2974,2022,144560,2.794,0.471
201902,78019010,VELA PERFUMADA 11 MEDIANA,Centro de Anaquel,64,29.9,0.53,2022,13435,139074,2.772,0.849
201903,78019010,VELA PERFUMADA 11 MEDIANA,Nivel Alto Anaquel,64,44.9,0.3,13435,69,139525,2.776,193.71
201904,78019010,VELA PERFUMADA 11 MEDIANA,Nivel Alto Anaquel,64,47.9,0.25,69,803,137034,2.771,0.914
201906,78019010,VELA PERFUMADA 11 MEDIANA,Nivel Alto Anaquel,64,46.9,0.27,803,11,131891,2.79,72
201907,78019010,VELA PERFUMADA 11 MEDIANA,Nivel Alto Anaquel,64,37.9,0.41,11,1555,117980,2.791,0.993
201908,78019010,VELA PERFUMADA 11 MEDIANA,Centro de Anaquel,64,31.9,0.5,1555,4924,119003,2.811,0.684
201909,78019010,VELA PERFUMADA 11 MEDIANA,Nivel Alto Anaquel,64,43.9,0.31,4924,671,116299,2.821,6.338
201911,78019010,VELA PERFUMADA 11 MEDIANA,Nivel Alto Anaquel,70,49.9,0.29,671,595,119271,2.808,0.128
201912,78019010,VELA PERFUMADA 11 MEDIANA,Nivel Alto Anaquel,70,44.9,0.36,595,1394,119694,2.798,0.573
202002,78019010,VELA PERFUMADA 11 MEDIANA,Nivel Alto Anaquel,70,41.9,0.4,1394,690,118552,2.824,1.02
202003,78019010,VELA PERFUMADA 11 MEDIANA,Cabecera de Gondola,70,29.9,0.57,690,17150,129348,2.83,0.96
202004,78019010,VELA PERFUMADA 11 MEDIANA,Nivel Alto Anaquel,70,39.9,0.43,17150,3089,132351,2.836,4.552
202008,78019010,VELA PERFUMADA 11 MEDIANA,Nivel Alto Anaquel,70,47.9,0.32,3089,1272,141185,2.86,1.428
202009,78019010,VELA PERFUMADA 11 MEDIANA,Centro de Anaquel,70,35.9,0.49,1272,4460,142949,2.866,0.715
202012,78019010,VELA PERFUMADA 11 MEDIANA,Nivel Alto Anaquel,70,44.9,0.36,4460,2023,143754,2.884,1.205
201802,81019010,VELA PERFUMADA 7 MEDIANA,Nivel Alto Anaquel,56,35.9,0.36,2023,950,140209,2.554,1.129
201804,81019010,VELA PERFUMADA 7 MEDIANA,Cabecera de Gondola,58,25.9,0.55,950,8332,138996,2.587,0.886
201805,81019010,VELA PERFUMADA 7 MEDIANA,Nivel Alto Anaquel,58,35.9,0.38,8332,908,132480,2.594,8.176
201807,81019010,VELA PERFUMADA 7 MEDIANA,Cabecera de Gondola,58,25.9,0.55,908,24174,144259,2.621,0.962
201808,81019010,VELA PERFUMADA 7 MEDIANA,Nivel Alto Anaquel,58,35.9,0.38,24174,7445,135043,2.629,2.247
201809,81019010,VELA PERFUMADA 7 MEDIANA,Centro de Anaquel,58,28.9,0.5,7445,2140,144582,2.716,2.479
201811,81019010,VELA PERFUMADA 7 MEDIANA,Cabecera de Gondola,58,24.9,0.57,2140,13981,148618,2.775,0.847
201812,81019010,VELA PERFUMADA 7 MEDIANA,Nivel Alto Anaquel,58,29.9,0.48,13981,3772,144560,2.794,2.707
201901,81019010,VELA PERFUMADA 7 MEDIANA,Nivel Alto Anaquel,58,37.9,0.35,3772,1030,149276,2.81,2.662
201903,81019010,VELA PERFUMADA 7 MEDIANA,Cabecera de Gondola,58,24.9,0.57,1030,16961,139525,2.776,0.939
201904,81019010,VELA PERFUMADA 7 MEDIANA,Nivel Alto Anaquel,58,39.9,0.31,16961,906,137034,2.771,17.721
201905,81019010,VELA PERFUMADA 7 MEDIANA,Nivel Alto Anaquel,58,39.9,0.31,906,1085,138018,2.802,0.165
201907,81019010,VELA PERFUMADA 7 MEDIANA,Nivel Alto Anaquel,58,36.9,0.36,1085,1213,117980,2.791,0.106
201908,81019010,VELA PERFUMADA 7 MEDIANA,Centro de Anaquel,58,27.45,0.53,1213,3840,119003,2.811,0.684
201908,81019010,VELA PERFUMADA 7 MEDIANA,Nivel Alto Anaquel,58,35.9,0.38,3840,836,119003,2.811,3.593
201909,81019010,VELA PERFUMADA 7 MEDIANA,Nivel Alto Anaquel,58,35.9,0.38,836,1308,116299,2.821,0.361
201910,81019010,VELA PERFUMADA 7 MEDIANA,Cabecera de Gondola,65,24.9,0.62,1308,16716,118188,2.806,0.922
201911,81019010,VELA PERFUMADA 7 MEDIANA,Cabecera de Gondola,65,24.9,0.62,16716,0,119271,2.808,0
201912,81019010,VELA PERFUMADA 7 MEDIANA,Nivel Alto Anaquel,65,42.9,0.34,0,594,119694,2.798,1
202001,81019010,VELA PERFUMADA 7 MEDIANA,Cabecera de Gondola,65,25.9,0.6,594,24131,127615,2.81,0.975
202003,81019010,VELA PERFUMADA 7 MEDIANA,Centro de Anaquel,65,29.9,0.54,24131,997,129348,2.83,23.204
202006,81019010,VELA PERFUMADA 7 MEDIANA,Nivel Alto Anaquel,65,39.9,0.39,997,976,135748,2.848,0.022
202007,81019010,VELA PERFUMADA 7 MEDIANA,Cabecera de Gondola,65,24.9,0.62,976,7342,139501,2.854,0.867
202009,81019010,VELA PERFUMADA 7 MEDIANA,Cabecera de Gondola,65,24.9,0.62,7342,13121,142949,2.866,0.44
202010,81019010,VELA PERFUMADA 7 MEDIANA,Nivel Alto Anaquel,65,39.9,0.39,13121,716,145019,2.872,17.325
201801,91019010,VELA PERFUMADA 4 MEDIANA,Nivel Alto Anaquel,56,36.9,0.34,716,1201,125771,2.551,0.404
201803,91019010,VELA PERFUMADA 4 MEDIANA,Nivel Alto Anaquel,56,34.9,0.38,1201,1170,137783,2.572,0.026
201804,91019010,VELA PERFUMADA 4 MEDIANA,Cabecera de Gondola,58,25.9,0.55,1170,8739,138996,2.587,0.866
201805,91019010,VELA PERFUMADA 4 MEDIANA,Nivel Alto Anaquel,58,35.9,0.38,8739,988,132480,2.594,7.845
201807,91019010,VELA PERFUMADA 4 MEDIANA,Cabecera de Gondola,58,25.9,0.55,988,18519,144259,2.621,0.947
201809,91019010,VELA PERFUMADA 4 MEDIANA,Centro de Anaquel,58,28.9,0.5,18519,3330,144582,2.716,4.561
201810,91019010,VELA PERFUMADA 4 MEDIANA,Nivel Alto Anaquel,58,34.9,0.4,3330,1160,144188,2.771,1.871
201811,91019010,VELA PERFUMADA 4 MEDIANA,Cabecera de Gondola,58,24.9,0.57,1160,15409,148618,2.775,0.925
201812,91019010,VELA PERFUMADA 4 MEDIANA,Nivel Alto Anaquel,58,29.9,0.48,15409,2261,144560,2.794,5.815
201901,91019010,VELA PERFUMADA 4 MEDIANA,Nivel Alto Anaquel,58,37.9,0.35,2261,724,149276,2.81,2.123
201903,91019010,VELA PERFUMADA 4 MEDIANA,Cabecera de Gondola,58,24.9,0.57,724,14435,139525,2.776,0.95
201904,91019010,VELA PERFUMADA 4 MEDIANA,Nivel Alto Anaquel,58,39.9,0.31,14435,629,137034,2.771,21.949
201905,91019010,VELA PERFUMADA 4 MEDIANA,Nivel Alto Anaquel,58,39.9,0.31,629,711,138018,2.802,0.115
201907,91019010,VELA PERFUMADA 4 MEDIANA,Nivel Alto Anaquel,58,36.9,0.36,711,730,117980,2.791,0.026
201908,91019010,VELA PERFUMADA 4 MEDIANA,Centro de Anaquel,58,27.45,0.53,730,2924,119003,2.811,0.75
201908,91019010,VELA PERFUMADA 4 MEDIANA,Nivel Alto Anaquel,58,35.9,0.38,2924,755,119003,2.811,2.873
201909,91019010,VELA PERFUMADA 4 MEDIANA,Nivel Alto Anaquel,58,35.9,0.38,755,976,116299,2.821,0.226
201910,91019010,VELA PERFUMADA 4 MEDIANA,Cabecera de Gondola,65,24.9,0.62,976,11105,118188,2.806,0.912
201911,91019010,VELA PERFUMADA 4 MEDIANA,Cabecera de Gondola,65,24.9,0.62,11105,0,119271,2.808,0
201912,91019010,VELA PERFUMADA 4 MEDIANA,Nivel Alto Anaquel,65,42.9,0.34,0,460,119694,2.798,1
202001,91019010,VELA PERFUMADA 4 MEDIANA,Cabecera de Gondola,65,25.9,0.6,460,15444,127615,2.81,0.97
202003,91019010,VELA PERFUMADA 4 MEDIANA,Centro de Anaquel,65,29.9,0.54,15444,778,129348,2.83,18.851
202006,91019010,VELA PERFUMADA 4 MEDIANA,Nivel Alto Anaquel,65,39.9,0.39,778,879,135748,2.848,0.115
202007,91019010,VELA PERFUMADA 4 MEDIANA,Cabecera de Gondola,65,24.9,0.62,879,5725,139501,2.854,0.846
202009,91019010,VELA PERFUMADA 4 MEDIANA,Cabecera de Gondola,65,24.9,0.62,5725,2532,142949,2.866,1.261
202010,91019010,VELA PERFUMADA 4 MEDIANA,Nivel Alto Anaquel,65,39.9,0.39,2532,559,145019,2.872,3.53
201801,102019010,VELA PERFUMADA 1 GRANDE,Nivel Alto Anaquel,57,35.9,0.37,559,4922,125771,2.551,0.886
201802,102019010,VELA PERFUMADA 1 GRANDE,Centro de Anaquel,57,35.9,0.37,4922,1059,140209,2.554,3.648
201803,102019010,VELA PERFUMADA 1 GRANDE,Nivel Alto Anaquel,57,39.9,0.3,1059,757,137783,2.572,0.399
201804,102019010,VELA PERFUMADA 1 GRANDE,Cabecera de Gondola,59,25.9,0.56,757,46055,138996,2.587,0.984
201805,102019010,VELA PERFUMADA 1 GRANDE,Nivel Alto Anaquel,59,35.9,0.39,46055,5191,132480,2.594,7.872
201807,102019010,VELA PERFUMADA 1 GRANDE,Nivel Alto Anaquel,59,35.9,0.39,5191,5729,144259,2.621,0.094
201808,102019010,VELA PERFUMADA 1 GRANDE,Centro de Anaquel,59,28.9,0.51,5729,15447,135043,2.629,0.629
201809,102019010,VELA PERFUMADA 1 GRANDE,Nivel Alto Anaquel,59,45.9,0.22,15447,312,144582,2.716,48.51
201810,102019010,VELA PERFUMADA 1 GRANDE,Nivel Alto Anaquel,59,39.9,0.32,312,3235,144188,2.771,0.904
201812,102019010,VELA PERFUMADA 1 GRANDE,Nivel Alto Anaquel,59,37.9,0.36,3235,4560,144560,2.794,0.291
201901,102019010,VELA PERFUMADA 1 GRANDE,Cabecera de Gondola,59,24.9,0.58,4560,49569,149276,2.81,0.908
201902,102019010,VELA PERFUMADA 1 GRANDE,Centro de Anaquel,59,28.9,0.51,49569,16782,139074,2.772,1.954
201903,102019010,VELA PERFUMADA 1 GRANDE,Cabecera de Gondola,59,24.9,0.58,16782,41730,139525,2.776,0.598
201904,102019010,VELA PERFUMADA 1 GRANDE,Nivel Alto Anaquel,59,34.9,0.41,41730,6383,137034,2.771,5.538
201905,102019010,VELA PERFUMADA 1 GRANDE,Centro de Anaquel,59,24.9,0.58,6383,58156,138018,2.802,0.89
201906,102019010,VELA PERFUMADA 1 GRANDE,Nivel Alto Anaquel,59,40.9,0.31,58156,264,131891,2.79,219.288
201907,102019010,VELA PERFUMADA 1 GRANDE,Nivel Alto Anaquel,59,37.9,0.36,264,4036,117980,2.791,0.935
201908,102019010,VELA PERFUMADA 1 GRANDE,Nivel Alto Anaquel,59,37.9,0.36,4036,4812,119003,2.811,0.161
201909,102019010,VELA PERFUMADA 1 GRANDE,Nivel Alto Anaquel,59,37.9,0.36,4812,0,116299,2.821,0
201909,102019010,VELA PERFUMADA 1 GRANDE,Cabecera de Gondola,59,24.9,0.58,0,45858,116299,2.821,1
201910,102019010,VELA PERFUMADA 1 GRANDE,Nivel Alto Anaquel,59,37.9,0.36,45858,2501,118188,2.806,17.336
201910,102019010,VELA PERFUMADA 1 GRANDE,Cabecera de Gondola,59,24.9,0.58,2501,0,118188,2.806,0
201911,102019010,VELA PERFUMADA 1 GRANDE,Nivel Alto Anaquel,59,39.9,0.32,0,3968,119271,2.808,1
201912,102019010,VELA PERFUMADA 1 GRANDE,Cabecera de Gondola,59,24.9,0.58,3968,39473,119694,2.798,0.899
202001,102019010,VELA PERFUMADA 1 GRANDE,Centro de Anaquel,59,32.45,0.45,39473,1463,127615,2.81,25.981
202001,102019010,VELA PERFUMADA 1 GRANDE,Nivel Alto Anaquel,59,42.9,0.27,1463,488,127615,2.81,1.998
202001,102019010,VELA PERFUMADA 1 GRANDE,Cabecera de Gondola,59,24.9,0.58,488,0,127615,2.81,0
202002,102019010,VELA PERFUMADA 1 GRANDE,Nivel Alto Anaquel,59,39.9,0.32,0,2779,118552,2.824,1
202004,102019010,VELA PERFUMADA 1 GRANDE,Centro de Anaquel,59,28.45,0.52,2779,11658,132351,2.836,0.762
202005,102019010,VELA PERFUMADA 1 GRANDE,Nivel Alto Anaquel,59,34.9,0.41,11658,6383,136865,2.842,0.826
202007,102019010,VELA PERFUMADA 1 GRANDE,Nivel Alto Anaquel,59,39.9,0.32,6383,4000,139501,2.854,0.596
202008,102019010,VELA PERFUMADA 1 GRANDE,Centro de Anaquel,59,26.9,0.54,4000,33883,141185,2.86,0.882
202009,102019010,VELA PERFUMADA 1 GRANDE,Centro de Anaquel,59,28.9,0.51,33883,16148,142949,2.866,1.098
202010,102019010,VELA PERFUMADA 1 GRANDE,Nivel Alto Anaquel,59,36.9,0.37,16148,5433,145019,2.872,1.972
202012,102019010,VELA PERFUMADA 1 GRANDE,Cabecera de Gondola,59,25.9,0.56,5433,3924,143754,2.884,0.385
201807,102019013,VELA PERFUMADA 1 GRANDE,Nivel Alto Anaquel,59,35.9,0.39,3924,0,144259,2.621,0
201801,109019090,VELA PERFUMADA 5 GRANDE,Nivel Alto Anaquel,79,54.9,0.31,0,1544,125771,2.551,1
201802,109019090,VELA PERFUMADA 5 GRANDE,Cabecera de Gondola,79,34.9,0.56,1544,24228,140209,2.554,0.936
201803,109019090,VELA PERFUMADA 5 GRANDE,Nivel Alto Anaquel,79,49.9,0.37,24228,2216,137783,2.572,9.933
201804,109019090,VELA PERFUMADA 5 GRANDE,Nivel Alto Anaquel,82,52.9,0.35,2216,2260,138996,2.587,0.019
201805,109019090,VELA PERFUMADA 5 GRANDE,Cabecera de Gondola,82,35.9,0.56,2260,23961,132480,2.594,0.906
201806,109019090,VELA PERFUMADA 5 GRANDE,Centro de Anaquel,82,40.9,0.5,23961,6161,147994,2.586,2.889
201809,109019090,VELA PERFUMADA 5 GRANDE,Cabecera de Gondola,82,34.9,0.57,6161,35997,144582,2.716,0.829
201810,109019090,VELA PERFUMADA 5 GRANDE,Nivel Alto Anaquel,82,52.9,0.35,35997,1494,144188,2.771,23.094
201811,109019090,VELA PERFUMADA 5 GRANDE,Nivel Alto Anaquel,82,56.9,0.31,1494,206,148618,2.775,6.252
201812,109019090,VELA PERFUMADA 5 GRANDE,Nivel Alto Anaquel,82,52.9,0.35,206,951,144560,2.794,0.783
201901,109019090,VELA PERFUMADA 5 GRANDE,Nivel Alto Anaquel,82,48.9,0.4,951,2199,149276,2.81,0.568
201903,109019090,VELA PERFUMADA 5 GRANDE,Centro de Anaquel,82,39.9,0.51,2199,2494,139525,2.776,0.118
201904,109019090,VELA PERFUMADA 5 GRANDE,Nivel Alto Anaquel,82,48.9,0.4,2494,1868,137034,2.771,0.335
201905,109019090,VELA PERFUMADA 5 GRANDE,Cabecera de Gondola,82,34.9,0.57,1868,29274,138018,2.802,0.936
201908,109019090,VELA PERFUMADA 5 GRANDE,Nivel Alto Anaquel,82,52.9,0.35,29274,1398,119003,2.811,19.94
201912,109019090,VELA PERFUMADA 5 GRANDE,Nivel Alto Anaquel,82,54.9,0.33,1398,1892,119694,2.798,0.261
202001,109019090,VELA PERFUMADA 5 GRANDE,Nivel Alto Anaquel,82,59.9,0.27,1892,1544,127615,2.81,0.225
202003,109019090,VELA PERFUMADA 5 GRANDE,Nivel Alto Anaquel,82,54.9,0.33,1544,464,129348,2.83,2.328
202004,109019090,VELA PERFUMADA 5 GRANDE,Nivel Alto Anaquel,82,54.9,0.33,464,1895,132351,2.836,0.755
202005,109019090,VELA PERFUMADA 5 GRANDE,Cabecera de Gondola,82,35.9,0.56,1895,29747,136865,2.842,0.936
202006,109019090,VELA PERFUMADA 5 GRANDE,Nivel Alto Anaquel,82,59.9,0.27,29747,1711,135748,2.848,16.386
202007,109019090,VELA PERFUMADA 5 GRANDE,Cabecera de Gondola,82,34.9,0.57,1711,35074,139501,2.854,0.951
202008,109019090,VELA PERFUMADA 5 GRANDE,Nivel Alto Anaquel,82,59.9,0.27,35074,1498,141185,2.86,22.414
202010,109019090,VELA PERFUMADA 5 GRANDE,Cabecera de Gondola,82,34.9,0.57,1498,29503,145019,2.872,0.949
202011,109019090,VELA PERFUMADA 5 GRANDE,Nivel Alto Anaquel,82,54.9,0.33,29503,1207,147122,2.878,23.443
201802,115019140,VELA PERFUMADA 2 CHICA,Nivel Alto Anaquel,57,39.9,0.3,1207,1227,140209,2.554,0.016
201803,115019140,VELA PERFUMADA 2 CHICA,Nivel Alto Anaquel,57,32.9,0.42,1227,2513,137783,2.572,0.512
201804,115019140,VELA PERFUMADA 2 CHICA,Centro de Anaquel,59,28.9,0.51,2513,10324,138996,2.587,0.757
201805,115019140,VELA PERFUMADA 2 CHICA,Nivel Alto Anaquel,59,40.9,0.31,10324,545,132480,2.594,17.943
201806,115019140,VELA PERFUMADA 2 CHICA,Nivel Alto Anaquel,59,40.9,0.31,545,1330,147994,2.586,0.59
201807,115019140,VELA PERFUMADA 2 CHICA,Nivel Alto Anaquel,59,35.9,0.39,1330,1984,144259,2.621,0.33
201809,115019140,VELA PERFUMADA 2 CHICA,Nivel Alto Anaquel,59,45.9,0.22,1984,175,144582,2.716,10.337
201810,115019140,VELA PERFUMADA 2 CHICA,Centro de Anaquel,59,28.9,0.51,175,5952,144188,2.771,0.971
201812,115019140,VELA PERFUMADA 2 CHICA,Nivel Alto Anaquel,59,39.9,0.32,5952,1270,144560,2.794,3.687
201902,115019140,VELA PERFUMADA 2 CHICA,Nivel Alto Anaquel,59,34.9,0.41,1270,3321,139074,2.772,0.618
201903,115019140,VELA PERFUMADA 2 CHICA,Nivel Alto Anaquel,59,34.9,0.41,3321,2358,139525,2.776,0.408
201904,115019140,VELA PERFUMADA 2 CHICA,Nivel Alto Anaquel,59,34.9,0.41,2358,892,137034,2.771,1.643
201906,115019140,VELA PERFUMADA 2 CHICA,Nivel Alto Anaquel,59,34.9,0.41,892,3121,131891,2.79,0.714
201909,115019140,VELA PERFUMADA 2 CHICA,Nivel Alto Anaquel,59,39.9,0.32,3121,1757,116299,2.821,0.776
201911,115019140,VELA PERFUMADA 2 CHICA,Nivel Alto Anaquel,65,39.9,0.39,1757,1914,119271,2.808,0.082
201912,115019140,VELA PERFUMADA 2 CHICA,Nivel Alto Anaquel,65,39.9,0.39,1914,1939,119694,2.798,0.013
202002,115019140,VELA PERFUMADA 2 CHICA,Centro de Anaquel,65,32.9,0.49,1939,2779,118552,2.824,0.302
202002,115019140,VELA PERFUMADA 2 CHICA,Nivel Alto Anaquel,65,45.9,0.29,2779,203,118552,2.824,12.69
202004,115019140,VELA PERFUMADA 2 CHICA,Nivel Alto Anaquel,65,44.9,0.31,203,1205,132351,2.836,0.832
202006,115019140,VELA PERFUMADA 2 CHICA,Nivel Alto Anaquel,65,44.9,0.31,1205,775,135748,2.848,0.555
202007,115019140,VELA PERFUMADA 2 CHICA,Centro de Anaquel,65,32.9,0.49,775,4872,139501,2.854,0.841
202009,115019140,VELA PERFUMADA 2 CHICA,Nivel Alto Anaquel,65,39.9,0.39,4872,1455,142949,2.866,2.348
202010,115019140,VELA PERFUMADA 2 CHICA,Nivel Alto Anaquel,65,42.9,0.34,1455,1219,145019,2.872,0.194
202012,115019140,VELA PERFUMADA 2 CHICA,Nivel Alto Anaquel,65,44.9,0.31,1219,1033,143754,2.884,0.18
201801,117019234,VELA PERFUMADA 2 GRANDE,Nivel Alto Anaquel,57,39.9,0.3,1033,1381,125771,2.551,0.252
201802,117019234,VELA PERFUMADA 2 GRANDE,Nivel Alto Anaquel,57,35.9,0.37,1381,4109,140209,2.554,0.664
201803,117019234,VELA PERFUMADA 2 GRANDE,Nivel Alto Anaquel,57,39.9,0.3,4109,506,137783,2.572,7.121
201804,117019234,VELA PERFUMADA 2 GRANDE,Nivel Alto Anaquel,59,34.9,0.41,506,6732,138996,2.587,0.925
201805,117019234,VELA PERFUMADA 2 GRANDE,Nivel Alto Anaquel,59,40.9,0.31,6732,1925,132480,2.594,2.497
201807,117019234,VELA PERFUMADA 2 GRANDE,Centro de Anaquel,59,28.9,0.51,1925,14634,144259,2.621,0.868
201808,117019234,VELA PERFUMADA 2 GRANDE,Nivel Alto Anaquel,59,35.9,0.39,14634,5045,135043,2.629,1.901
201809,117019234,VELA PERFUMADA 2 GRANDE,Nivel Alto Anaquel,59,45.9,0.22,5045,871,144582,2.716,4.792
201810,117019234,VELA PERFUMADA 2 GRANDE,Centro de Anaquel,59,28.9,0.51,871,9872,144188,2.771,0.912
201812,117019234,VELA PERFUMADA 2 GRANDE,Nivel Alto Anaquel,59,39.9,0.32,9872,2797,144560,2.794,2.529
201901,117019234,VELA PERFUMADA 2 GRANDE,Nivel Alto Anaquel,59,34.9,0.41,2797,4394,149276,2.81,0.363
201903,117019234,VELA PERFUMADA 2 GRANDE,Nivel Alto Anaquel,59,39.9,0.32,4394,2551,139525,2.776,0.722
201904,117019234,VELA PERFUMADA 2 GRANDE,Nivel Alto Anaquel,59,34.9,0.41,2551,4837,137034,2.771,0.473
201905,117019234,VELA PERFUMADA 2 GRANDE,Nivel Alto Anaquel,59,40.9,0.31,4837,5,138018,2.802,966.4
201908,117019234,VELA PERFUMADA 2 GRANDE,Centro de Anaquel,59,28.9,0.51,5,15048,119003,2.811,1
201909,117019234,VELA PERFUMADA 2 GRANDE,Nivel Alto Anaquel,59,35.9,0.39,15048,2830,116299,2.821,4.317
201910,117019234,VELA PERFUMADA 2 GRANDE,Nivel Alto Anaquel,65,35.9,0.45,2830,4090,118188,2.806,0.308
201912,117019234,VELA PERFUMADA 2 GRANDE,Nivel Alto Anaquel,65,45.9,0.29,4090,1972,119694,2.798,1.074
202002,117019234,VELA PERFUMADA 2 GRANDE,Centro de Anaquel,65,32.9,0.49,1972,2964,118552,2.824,0.335
202002,117019234,VELA PERFUMADA 2 GRANDE,Nivel Alto Anaquel,65,45.9,0.29,2964,236,118552,2.824,11.559
202003,117019234,VELA PERFUMADA 2 GRANDE,Nivel Alto Anaquel,65,39.95,0.39,236,2399,129348,2.83,0.902
202003,117019234,VELA PERFUMADA 2 GRANDE,Nivel Alto Anaquel,65,42.9,0.34,2399,1245,129348,2.83,0.927
202004,117019234,VELA PERFUMADA 2 GRANDE,Nivel Alto Anaquel,65,39.9,0.39,1245,3134,132351,2.836,0.603
202006,117019234,VELA PERFUMADA 2 GRANDE,Centro de Anaquel,65,34.9,0.46,3134,2582,135748,2.848,0.214
202007,117019234,VELA PERFUMADA 2 GRANDE,Nivel Alto Anaquel,65,39.9,0.39,2582,2833,139501,2.854,0.089
202008,117019234,VELA PERFUMADA 2 GRANDE,Centro de Anaquel,65,34.9,0.46,2833,2415,141185,2.86,0.173
202009,117019234,VELA PERFUMADA 2 GRANDE,Nivel Alto Anaquel,65,45.9,0.29,2415,2427,142949,2.866,0.005
202010,117019234,VELA PERFUMADA 2 GRANDE,Nivel Alto Anaquel,65,39.9,0.39,2427,2848,145019,2.872,0.148
202012,117019234,VELA PERFUMADA 2 GRANDE,Nivel Alto Anaquel,65,44.9,0.31,2848,2032,143754,2.884,0.402
201801,125019230,VELA PERFUMADA 10 GRANDE,Cabecera de Gondola,115,54.9,0.52,2032,9988,125771,2.551,0.797
201802,125019230,VELA PERFUMADA 10 GRANDE,Nivel Alto Anaquel,115,79.9,0.31,9988,407,140209,2.554,23.541
201804,125019230,VELA PERFUMADA 10 GRANDE,Nivel Alto Anaquel,118,80.9,0.31,407,1217,138996,2.587,0.666
201805,125019230,VELA PERFUMADA 10 GRANDE,Nivel Alto Anaquel,118,70.9,0.4,1217,1547,132480,2.594,0.213
201807,125019230,VELA PERFUMADA 10 GRANDE,Centro de Anaquel,118,58.9,0.5,1547,6108,144259,2.621,0.747
201808,125019230,VELA PERFUMADA 10 GRANDE,Cabecera de Gondola,118,55.9,0.53,6108,12052,135043,2.629,0.493
201809,125019230,VELA PERFUMADA 10 GRANDE,Nivel Alto Anaquel,118,82.9,0.3,12052,890,144582,2.716,12.542
201902,125019230,VELA PERFUMADA 10 GRANDE,Centro de Anaquel,118,58.9,0.5,890,8768,139074,2.772,0.898
201904,125019230,VELA PERFUMADA 10 GRANDE,Nivel Alto Anaquel,118,76.9,0.35,8768,272,137034,2.771,31.235
201906,125019230,VELA PERFUMADA 10 GRANDE,Nivel Alto Anaquel,118,75.9,0.36,272,1707,131891,2.79,0.841
201907,125019230,VELA PERFUMADA 10 GRANDE,Cabecera de Gondola,118,54.9,0.53,1707,9110,117980,2.791,0.813
201908,125019230,VELA PERFUMADA 10 GRANDE,Centro de Anaquel,118,58.9,0.5,9110,3579,119003,2.811,1.545
201908,125019230,VELA PERFUMADA 10 GRANDE,Cabecera de Gondola,118,54.9,0.53,3579,0,119003,2.811,0
201909,125019230,VELA PERFUMADA 10 GRANDE,Centro de Anaquel,118,58.9,0.5,0,4344,116299,2.821,1
201910,125019230,VELA PERFUMADA 10 GRANDE,Nivel Alto Anaquel,120,72.9,0.39,4344,1107,118188,2.806,2.924
201912,125019230,VELA PERFUMADA 10 GRANDE,Nivel Alto Anaquel,120,84.9,0.29,1107,794,119694,2.798,0.394
202001,125019230,VELA PERFUMADA 10 GRANDE,Nivel Alto Anaquel,120,74.9,0.38,794,1719,127615,2.81,0.538
202003,125019230,VELA PERFUMADA 10 GRANDE,Nivel Alto Anaquel,120,82.9,0.31,1719,1252,129348,2.83,0.373
202004,125019230,VELA PERFUMADA 10 GRANDE,Centro de Anaquel,120,58.9,0.51,1252,972,132351,2.836,0.288
202006,125019230,VELA PERFUMADA 10 GRANDE,Cabecera de Gondola,120,55.9,0.53,972,10742,135748,2.848,0.91
202007,125019230,VELA PERFUMADA 10 GRANDE,Nivel Alto Anaquel,120,72.9,0.39,10742,1789,139501,2.854,5.004
202008,125019230,VELA PERFUMADA 10 GRANDE,Nivel Alto Anaquel,120,69.9,0.42,1789,1781,141185,2.86,0.004
202010,125019230,VELA PERFUMADA 10 GRANDE,Nivel Alto Anaquel,120,69.9,0.42,1781,1813,145019,2.872,0.018
202011,125019230,VELA PERFUMADA 10 GRANDE,Cabecera de Gondola,120,54.9,0.54,1813,11056,147122,2.878,0.836
201801,127019010,VELA PERFUMADA 6 GRANDE,Nivel Alto Anaquel,140,79.9,0.43,11056,1651,125771,2.551,5.697
201802,127019010,VELA PERFUMADA 6 GRANDE,Centro de Anaquel,140,74.9,0.47,1651,2928,140209,2.554,0.436
201803,127019010,VELA PERFUMADA 6 GRANDE,Nivel Alto Anaquel,140,89.9,0.36,2928,461,137783,2.572,5.351
201805,127019010,VELA PERFUMADA 6 GRANDE,Nivel Alto Anaquel,145,86.9,0.4,461,1785,132480,2.594,0.742
201806,127019010,VELA PERFUMADA 6 GRANDE,Cabecera de Gondola,145,65.9,0.55,1785,14280,147994,2.586,0.875
201807,127019010,VELA PERFUMADA 6 GRANDE,Nivel Alto Anaquel,145,100.9,0.3,14280,882,144259,2.621,15.19
201808,127019010,VELA PERFUMADA 6 GRANDE,Nivel Alto Anaquel,145,100.9,0.3,882,684,135043,2.629,0.289
201809,127019010,VELA PERFUMADA 6 GRANDE,Nivel Alto Anaquel,145,110.9,0.24,684,84,144582,2.716,7.143
201810,127019010,VELA PERFUMADA 6 GRANDE,Centro de Anaquel,145,69.9,0.52,84,5845,144188,2.771,0.986
201811,127019010,VELA PERFUMADA 6 GRANDE,Cabecera de Gondola,145,65.9,0.55,5845,9756,148618,2.775,0.401
201812,127019010,VELA PERFUMADA 6 GRANDE,Nivel Alto Anaquel,145,86.9,0.4,9756,1506,144560,2.794,5.478
201902,127019010,VELA PERFUMADA 6 GRANDE,Centro de Anaquel,145,69.9,0.52,1506,3736,139074,2.772,0.597
201904,127019010,VELA PERFUMADA 6 GRANDE,Nivel Alto Anaquel,145,83.9,0.42,3736,1181,137034,2.771,2.163
201906,127019010,VELA PERFUMADA 6 GRANDE,Nivel Alto Anaquel,145,86.9,0.4,1181,1279,131891,2.79,0.077
201907,127019010,VELA PERFUMADA 6 GRANDE,Nivel Alto Anaquel,145,85.9,0.41,1279,1186,117980,2.791,0.078
201908,127019010,VELA PERFUMADA 6 GRANDE,Nivel Alto Anaquel,145,99.9,0.31,1186,712,119003,2.811,0.666
201910,127019010,VELA PERFUMADA 6 GRANDE,Nivel Alto Anaquel,145,88.9,0.39,712,1398,118188,2.806,0.491
201911,127019010,VELA PERFUMADA 6 GRANDE,Nivel Alto Anaquel,145,99.9,0.31,1398,912,119271,2.808,0.533
202001,127019010,VELA PERFUMADA 6 GRANDE,Nivel Alto Anaquel,145,89.9,0.38,912,1090,127615,2.81,0.163
202002,127019010,VELA PERFUMADA 6 GRANDE,Nivel Alto Anaquel,145,99.9,0.31,1090,702,118552,2.824,0.553
202003,127019010,VELA PERFUMADA 6 GRANDE,Nivel Alto Anaquel,145,99.9,0.31,702,743,129348,2.83,0.055
202004,127019010,VELA PERFUMADA 6 GRANDE,Cabecera de Gondola,145,65.9,0.55,743,13601,132351,2.836,0.945
202005,127019010,VELA PERFUMADA 6 GRANDE,Centro de Anaquel,145,72.9,0.5,13601,1660,136865,2.842,7.193
202007,127019010,VELA PERFUMADA 6 GRANDE,Nivel Alto Anaquel,145,89.9,0.38,1660,1329,139501,2.854,0.249
202010,127019010,VELA PERFUMADA 6 GRANDE,Nivel Alto Anaquel,145,89.9,0.38,1329,1387,145019,2.872,0.042
201802,137019050,VELA PERFUMADA 1 CHICA,Nivel Alto Anaquel,66,44.9,0.32,1387,1852,140209,2.554,0.251
201803,137019050,VELA PERFUMADA 1 CHICA,Nivel Alto Anaquel,66,39.9,0.4,1852,914,137783,2.572,1.026
201805,137019050,VELA PERFUMADA 1 CHICA,Nivel Alto Anaquel,71,42.9,0.4,914,490,132480,2.594,0.865
201806,137019050,VELA PERFUMADA 1 CHICA,Centro de Anaquel,71,34.9,0.51,490,5170,147994,2.586,0.905
201807,137019050,VELA PERFUMADA 1 CHICA,Nivel Alto Anaquel,71,49.9,0.3,5170,323,144259,2.621,15.006
201809,137019050,VELA PERFUMADA 1 CHICA,Centro de Anaquel,71,34.9,0.51,323,2865,144582,2.716,0.887
201810,137019050,VELA PERFUMADA 1 CHICA,Centro de Anaquel,71,39.9,0.44,2865,5564,144188,2.771,0.485
201811,137019050,VELA PERFUMADA 1 CHICA,Nivel Alto Anaquel,71,48.9,0.31,5564,747,148618,2.775,6.448
201812,137019050,VELA PERFUMADA 1 CHICA,Nivel Alto Anaquel,71,42.9,0.4,747,572,144560,2.794,0.306
201901,137019050,VELA PERFUMADA 1 CHICA,Nivel Alto Anaquel,71,38.9,0.45,572,2726,149276,2.81,0.79
201902,137019050,VELA PERFUMADA 1 CHICA,Nivel Alto Anaquel,71,42.9,0.4,2726,509,139074,2.772,4.356
201903,137019050,VELA PERFUMADA 1 CHICA,Centro de Anaquel,71,34.9,0.51,509,9505,139525,2.776,0.946
201904,137019050,VELA PERFUMADA 1 CHICA,Nivel Alto Anaquel,71,52.9,0.25,9505,296,137034,2.771,31.111
201907,137019050,VELA PERFUMADA 1 CHICA,Centro de Anaquel,71,34.9,0.51,296,1342,117980,2.791,0.779
201908,137019050,VELA PERFUMADA 1 CHICA,Nivel Alto Anaquel,71,42.9,0.4,1342,376,119003,2.811,2.569
201911,137019050,VELA PERFUMADA 1 CHICA,Nivel Alto Anaquel,72,49.9,0.31,376,328,119271,2.808,0.146
202001,137019050,VELA PERFUMADA 1 CHICA,Centro de Anaquel,72,32.45,0.55,328,1931,127615,2.81,0.83
202001,137019050,VELA PERFUMADA 1 CHICA,Nivel Alto Anaquel,72,42.9,0.4,1931,97,127615,2.81,18.907
202002,137019050,VELA PERFUMADA 1 CHICA,Nivel Alto Anaquel,72,49.9,0.31,97,310,118552,2.824,0.687
202003,137019050,VELA PERFUMADA 1 CHICA,Centro de Anaquel,72,34.9,0.52,310,8343,129348,2.83,0.963
202006,137019050,VELA PERFUMADA 1 CHICA,Nivel Alto Anaquel,72,41.9,0.42,8343,643,135748,2.848,11.975
202009,137019050,VELA PERFUMADA 1 CHICA,Nivel Alto Anaquel,72,43.9,0.39,643,792,142949,2.866,0.188
202010,137019050,VELA PERFUMADA 1 CHICA,Nivel Alto Anaquel,72,43.9,0.39,792,574,145019,2.872,0.38
202012,137019050,VELA PERFUMADA 1 CHICA,Nivel Alto Anaquel,72,49.9,0.31,574,377,143754,2.884,0.523
201802,142019010,VELA PERFUMADA 5 MEDIANA,Nivel Bajo Anaquel,173,173,0,377,60,140209,2.554,5.283
201804,142019010,VELA PERFUMADA 5 MEDIANA,Nivel Alto Anaquel,176,119.9,0.32,60,80,138996,2.587,0.25
201805,142019010,VELA PERFUMADA 5 MEDIANA,Nivel Alto Anaquel,176,120.9,0.31,80,53,132480,2.594,0.509
201806,142019010,VELA PERFUMADA 5 MEDIANA,Nivel Alto Anaquel,176,122.9,0.3,53,78,147994,2.586,0.321
201807,142019010,VELA PERFUMADA 5 MEDIANA,Nivel Alto Anaquel,176,131.9,0.25,78,71,144259,2.621,0.099
201808,142019010,VELA PERFUMADA 5 MEDIANA,Nivel Alto Anaquel,176,131.9,0.25,71,91,135043,2.629,0.22
201809,142019010,VELA PERFUMADA 5 MEDIANA,Nivel Bajo Anaquel,176,176,0,91,32,144582,2.716,1.844
201810,142019010,VELA PERFUMADA 5 MEDIANA,Nivel Alto Anaquel,176,131.9,0.25,32,64,144188,2.771,0.5
201811,142019010,VELA PERFUMADA 5 MEDIANA,Centro de Anaquel,176,94.9,0.46,64,861,148618,2.775,0.926
201812,142019010,VELA PERFUMADA 5 MEDIANA,Nivel Alto Anaquel,176,128.9,0.27,861,72,144560,2.794,10.958
201902,142019010,VELA PERFUMADA 5 MEDIANA,Nivel Bajo Anaquel,176,176,0,72,45,139074,2.772,0.6
201903,142019010,VELA PERFUMADA 5 MEDIANA,Nivel Alto Anaquel,176,119.9,0.32,45,439,139525,2.776,0.897
201904,142019010,VELA PERFUMADA 5 MEDIANA,Nivel Alto Anaquel,176,131.9,0.25,439,56,137034,2.771,6.839
201907,142019010,VELA PERFUMADA 5 MEDIANA,Nivel Alto Anaquel,176,109.9,0.38,56,86,117980,2.791,0.349
201908,142019010,VELA PERFUMADA 5 MEDIANA,Cabecera de Gondola,176,89.9,0.49,86,555,119003,2.811,0.845
201908,142019010,VELA PERFUMADA 5 MEDIANA,Cabecera de Gondola,176,80.9,0.54,555,225,119003,2.811,1.467
201909,142019010,VELA PERFUMADA 5 MEDIANA,Nivel Alto Anaquel,176,129.9,0.26,225,38,116299,2.821,4.921
201910,142019010,VELA PERFUMADA 5 MEDIANA,Nivel Alto Anaquel,178,119.9,0.33,38,24,118188,2.806,0.583
202002,142019010,VELA PERFUMADA 5 MEDIANA,Nivel Bajo Anaquel,178,178,0,24,19,118552,2.824,0.263
202004,142019010,VELA PERFUMADA 5 MEDIANA,Nivel Alto Anaquel,178,129.9,0.27,19,81,132351,2.836,0.765
202005,142019010,VELA PERFUMADA 5 MEDIANA,Nivel Alto Anaquel,178,119.9,0.33,81,104,136865,2.842,0.221
202006,142019010,VELA PERFUMADA 5 MEDIANA,Cabecera de Gondola,178,84.9,0.52,104,360,135748,2.848,0.711
202007,142019010,VELA PERFUMADA 5 MEDIANA,Nivel Alto Anaquel,178,119.9,0.33,360,109,139501,2.854,2.303
202009,142019010,VELA PERFUMADA 5 MEDIANA,Nivel Alto Anaquel,178,119.9,0.33,109,107,142949,2.866,0.019
202010,142019010,VELA PERFUMADA 5 MEDIANA,Cabecera de Gondola,178,84.9,0.52,107,916,145019,2.872,0.883
201801,186019016,VELA PERFUMADA 11 GRANDE,Nivel Bajo Anaquel,169,169,0,916,34,125771,2.551,25.941
201803,186019016,VELA PERFUMADA 11 GRANDE,Nivel Alto Anaquel,169,124.9,0.26,34,109,137783,2.572,0.688
201804,186019016,VELA PERFUMADA 11 GRANDE,Nivel Alto Anaquel,172,128.9,0.25,109,96,138996,2.587,0.135
201805,186019016,VELA PERFUMADA 11 GRANDE,Cabecera de Gondola,172,90.9,0.47,96,1359,132480,2.594,0.929
201806,186019016,VELA PERFUMADA 11 GRANDE,Nivel Alto Anaquel,172,128.9,0.25,1359,119,147994,2.586,10.42
201807,186019016,VELA PERFUMADA 11 GRANDE,Nivel Bajo Anaquel,172,172,0,119,124,144259,2.621,0.04
201809,186019016,VELA PERFUMADA 11 GRANDE,Nivel Alto Anaquel,172,126.9,0.26,124,130,144582,2.716,0.046
201810,186019016,VELA PERFUMADA 11 GRANDE,Cabecera de Gondola,172,92.9,0.46,130,540,144188,2.771,0.759
201811,186019016,VELA PERFUMADA 11 GRANDE,Nivel Alto Anaquel,172,128.9,0.25,540,140,148618,2.775,2.857
201812,186019016,VELA PERFUMADA 11 GRANDE,Nivel Alto Anaquel,172,128.9,0.25,140,72,144560,2.794,0.944
201901,186019016,VELA PERFUMADA 11 GRANDE,Nivel Alto Anaquel,172,124.9,0.27,72,111,149276,2.81,0.351
201903,186019016,VELA PERFUMADA 11 GRANDE,Nivel Alto Anaquel,172,128.9,0.25,111,81,139525,2.776,0.37
201904,186019016,VELA PERFUMADA 11 GRANDE,Cabecera de Gondola,172,89.9,0.48,81,1513,137034,2.771,0.946
201906,186019016,VELA PERFUMADA 11 GRANDE,Nivel Alto Anaquel,172,129.9,0.24,1513,109,131891,2.79,12.881
201908,186019016,VELA PERFUMADA 11 GRANDE,Nivel Alto Anaquel,172,119.9,0.3,109,99,119003,2.811,0.101
201909,186019016,VELA PERFUMADA 11 GRANDE,Cabecera de Gondola,172,89.9,0.48,99,998,116299,2.821,0.901
201911,186019016,VELA PERFUMADA 11 GRANDE,Nivel Bajo Anaquel,174,174,0,998,93,119271,2.808,9.731
201912,186019016,VELA PERFUMADA 11 GRANDE,Cabecera de Gondola,174,89.9,0.48,93,1089,119694,2.798,0.915
202001,186019016,VELA PERFUMADA 11 GRANDE,Nivel Alto Anaquel,174,129.9,0.25,1089,104,127615,2.81,9.471
202004,186019016,VELA PERFUMADA 11 GRANDE,Nivel Bajo Anaquel,174,174,0,104,59,132351,2.836,0.763
202005,186019016,VELA PERFUMADA 11 GRANDE,Nivel Alto Anaquel,174,119.9,0.31,59,103,136865,2.842,0.427
202007,186019016,VELA PERFUMADA 11 GRANDE,Nivel Alto Anaquel,174,119.9,0.31,103,112,139501,2.854,0.08
202009,186019016,VELA PERFUMADA 11 GRANDE,Nivel Alto Anaquel,174,123.9,0.29,112,109,142949,2.866,0.028
202011,186019016,VELA PERFUMADA 11 GRANDE,Nivel Alto Anaquel,174,123.9,0.29,109,105,147122,2.878,0.038
201801,227019071,VELA PERFUMADA 8 GRANDE,Nivel Alto Anaquel,169,118.9,0.3,105,70,125771,2.551,0.5
201802,227019071,VELA PERFUMADA 8 GRANDE,Nivel Bajo Anaquel,169,169,0,70,31,140209,2.554,1.258
201804,227019071,VELA PERFUMADA 8 GRANDE,Nivel Alto Anaquel,172,128.9,0.25,31,57,138996,2.587,0.456
201805,227019071,VELA PERFUMADA 8 GRANDE,Nivel Bajo Anaquel,172,172,0,57,47,132480,2.594,0.213
201806,227019071,VELA PERFUMADA 8 GRANDE,Nivel Alto Anaquel,172,120.9,0.3,47,116,147994,2.586,0.595
201807,227019071,VELA PERFUMADA 8 GRANDE,Nivel Alto Anaquel,172,120.9,0.3,116,113,144259,2.621,0.027
201808,227019071,VELA PERFUMADA 8 GRANDE,Nivel Bajo Anaquel,172,172,0,113,545,135043,2.629,0.793
201810,227019071,VELA PERFUMADA 8 GRANDE,Centro de Anaquel,172,92.9,0.46,545,787,144188,2.771,0.307
201811,227019071,VELA PERFUMADA 8 GRANDE,Nivel Alto Anaquel,172,128.9,0.25,787,170,148618,2.775,3.629
201812,227019071,VELA PERFUMADA 8 GRANDE,Nivel Alto Anaquel,172,119.9,0.3,170,117,144560,2.794,0.453
201901,227019071,VELA PERFUMADA 8 GRANDE,Nivel Alto Anaquel,172,119.9,0.3,117,71,149276,2.81,0.648
201902,227019071,VELA PERFUMADA 8 GRANDE,Nivel Alto Anaquel,172,128.9,0.25,71,88,139074,2.772,0.193
201903,227019071,VELA PERFUMADA 8 GRANDE,Nivel Alto Anaquel,172,128.9,0.25,88,51,139525,2.776,0.725
201904,227019071,VELA PERFUMADA 8 GRANDE,Nivel Alto Anaquel,172,128.9,0.25,51,56,137034,2.771,0.089
201905,227019071,VELA PERFUMADA 8 GRANDE,Nivel Alto Anaquel,172,125.9,0.27,56,94,138018,2.802,0.404
201907,227019071,VELA PERFUMADA 8 GRANDE,Nivel Bajo Anaquel,172,172,0,94,8,117980,2.791,10.75
201908,227019071,VELA PERFUMADA 8 GRANDE,Nivel Alto Anaquel,172,124.9,0.27,8,40,119003,2.811,0.8
201910,227019071,VELA PERFUMADA 8 GRANDE,Nivel Alto Anaquel,174,129.9,0.25,40,90,118188,2.806,0.556
201911,227019071,VELA PERFUMADA 8 GRANDE,Nivel Bajo Anaquel,174,174,0,90,29,119271,2.808,2.103
201912,227019071,VELA PERFUMADA 8 GRANDE,Cabecera de Gondola,174,89.9,0.48,29,292,119694,2.798,0.901
202004,227019071,VELA PERFUMADA 8 GRANDE,Nivel Alto Anaquel,174,119.9,0.31,292,68,132351,2.836,3.294
202006,227019071,VELA PERFUMADA 8 GRANDE,Nivel Bajo Anaquel,174,174,0,68,104,135748,2.848,0.346
202007,227019071,VELA PERFUMADA 8 GRANDE,Nivel Bajo Anaquel,174,174,0,104,26,139501,2.854,3
202011,227019071,VELA PERFUMADA 8 GRANDE,Nivel Alto Anaquel,174,123.9,0.29,26,75,147122,2.878,0.653
202012,227019071,VELA PERFUMADA 8 GRANDE,Cabecera de Gondola,174,89.9,0.48,75,703,143754,2.884,0.893
201802,229019030,VELA PERFUMADA 7 GRANDE,Nivel Alto Anaquel,145,108.9,0.25,703,58,140209,2.554,11.121
201803,229019030,VELA PERFUMADA 7 GRANDE,Nivel Alto Anaquel,145,108.9,0.25,58,22,137783,2.572,1.636
201804,229019030,VELA PERFUMADA 7 GRANDE,Nivel Alto Anaquel,148,103.9,0.3,22,83,138996,2.587,0.735
201805,229019030,VELA PERFUMADA 7 GRANDE,Nivel Bajo Anaquel,148,148,0,83,43,132480,2.594,0.93
201806,229019030,VELA PERFUMADA 7 GRANDE,Cabecera de Gondola,148,79.9,0.46,43,1519,147994,2.586,0.972
201807,229019030,VELA PERFUMADA 7 GRANDE,Nivel Alto Anaquel,148,110.9,0.25,1519,92,144259,2.621,15.511
201810,229019030,VELA PERFUMADA 7 GRANDE,Centro de Anaquel,148,79.9,0.46,92,170,144188,2.771,0.459
201811,229019030,VELA PERFUMADA 7 GRANDE,Nivel Alto Anaquel,148,102.9,0.3,170,96,148618,2.775,0.771
201812,229019030,VELA PERFUMADA 7 GRANDE,Nivel Alto Anaquel,148,109.9,0.26,96,43,144560,2.794,1.233
201901,229019030,VELA PERFUMADA 7 GRANDE,Cabecera de Gondola,148,79.9,0.46,43,1816,149276,2.81,0.976
201902,229019030,VELA PERFUMADA 7 GRANDE,Nivel Alto Anaquel,148,109.9,0.26,1816,53,139074,2.772,33.264
201903,229019030,VELA PERFUMADA 7 GRANDE,Nivel Alto Anaquel,148,109.9,0.26,53,55,139525,2.776,0.036
201904,229019030,VELA PERFUMADA 7 GRANDE,Nivel Alto Anaquel,148,115.9,0.22,55,11,137034,2.771,4
201906,229019030,VELA PERFUMADA 7 GRANDE,Nivel Alto Anaquel,148,109.9,0.26,11,50,131891,2.79,0.78
201907,229019030,VELA PERFUMADA 7 GRANDE,Nivel Alto Anaquel,148,119.9,0.19,50,25,117980,2.791,1
201908,229019030,VELA PERFUMADA 7 GRANDE,Nivel Alto Anaquel,148,99.9,0.33,25,14,119003,2.811,0.786
201909,229019030,VELA PERFUMADA 7 GRANDE,Nivel Alto Anaquel,148,109.9,0.26,14,44,116299,2.821,0.682
201911,229019030,VELA PERFUMADA 7 GRANDE,Nivel Bajo Anaquel,152,152,0,44,45,119271,2.808,0.022
201912,229019030,VELA PERFUMADA 7 GRANDE,Nivel Alto Anaquel,152,109.9,0.28,45,59,119694,2.798,0.237
202001,229019030,VELA PERFUMADA 7 GRANDE,Nivel Alto Anaquel,152,99.9,0.34,59,65,127615,2.81,0.092
202002,229019030,VELA PERFUMADA 7 GRANDE,Cabecera de Gondola,152,79.9,0.47,65,1481,118552,2.824,0.956
202005,229019030,VELA PERFUMADA 7 GRANDE,Centro de Anaquel,152,89.9,0.41,1481,175,136865,2.842,7.463
202008,229019030,VELA PERFUMADA 7 GRANDE,Nivel Alto Anaquel,152,109.9,0.28,175,75,141185,2.86,1.333
202009,229019030,VELA PERFUMADA 7 GRANDE,Cabecera de Gondola,152,79.9,0.47,75,1859,142949,2.866,0.96
202011,229019030,VELA PERFUMADA 7 GRANDE,Nivel Bajo Anaquel,152,152,0,1859,22,147122,2.878,83.5
201801,334019013,VELA PERFUMADA 9 GRANDE,Cabecera de Gondola,55,28.9,0.47,22,15332,125771,2.551,0.999
201802,334019013,VELA PERFUMADA 9 GRANDE,Nivel Alto Anaquel,55,39.9,0.27,15332,941,140209,2.554,15.293
201803,334019013,VELA PERFUMADA 9 GRANDE,Nivel Alto Anaquel,55,38.9,0.29,941,315,137783,2.572,1.987
201805,334019013,VELA PERFUMADA 9 GRANDE,Nivel Alto Anaquel,57,33.9,0.41,315,2407,132480,2.594,0.869
201806,334019013,VELA PERFUMADA 9 GRANDE,Nivel Alto Anaquel,57,33.9,0.41,2407,2292,147994,2.586,0.05
201808,334019013,VELA PERFUMADA 9 GRANDE,Nivel Alto Anaquel,57,33.9,0.41,2292,2040,135043,2.629,0.124
201810,334019013,VELA PERFUMADA 9 GRANDE,Nivel Alto Anaquel,57,45.9,0.19,2040,310,144188,2.771,5.581
201811,334019013,VELA PERFUMADA 9 GRANDE,Nivel Alto Anaquel,57,32.9,0.42,310,2903,148618,2.775,0.893
201901,334019013,VELA PERFUMADA 9 GRANDE,Nivel Alto Anaquel,57,34.9,0.39,2903,1829,149276,2.81,0.587
201902,334019013,VELA PERFUMADA 9 GRANDE,Nivel Alto Anaquel,57,39.9,0.3,1829,907,139074,2.772,1.017
201904,334019013,VELA PERFUMADA 9 GRANDE,Nivel Alto Anaquel,57,33.9,0.41,907,1878,137034,2.771,0.517
201907,334019013,VELA PERFUMADA 9 GRANDE,Nivel Alto Anaquel,57,39.9,0.3,1878,737,117980,2.791,1.548
201909,334019013,VELA PERFUMADA 9 GRANDE,Nivel Bajo Anaquel,57,57,0,737,181,116299,2.821,3.072
201910,334019013,VELA PERFUMADA 9 GRANDE,Cabecera de Gondola,57,29.9,0.48,181,8531,118188,2.806,0.979
202001,334019013,VELA PERFUMADA 9 GRANDE,Nivel Alto Anaquel,57,39.9,0.3,8531,332,127615,2.81,24.696
202002,334019013,VELA PERFUMADA 9 GRANDE,Centro de Anaquel,57,27.95,0.51,332,5557,118552,2.824,0.94
202002,334019013,VELA PERFUMADA 9 GRANDE,Nivel Alto Anaquel,57,39.9,0.3,5557,295,118552,2.824,17.837
202003,334019013,VELA PERFUMADA 9 GRANDE,Cabecera de Gondola,57,28.9,0.49,295,15759,129348,2.83,0.981
202004,334019013,VELA PERFUMADA 9 GRANDE,Nivel Alto Anaquel,57,34.9,0.39,15759,1858,132351,2.836,7.482
202005,334019013,VELA PERFUMADA 9 GRANDE,Cabecera de Gondola,57,29.9,0.48,1858,14394,136865,2.842,0.871
202006,334019013,VELA PERFUMADA 9 GRANDE,Nivel Alto Anaquel,57,34.9,0.39,14394,1789,135748,2.848,7.046
202008,334019013,VELA PERFUMADA 9 GRANDE,Nivel Alto Anaquel,57,34.9,0.39,1789,1998,141185,2.86,0.105
202010,334019013,VELA PERFUMADA 9 GRANDE,Nivel Alto Anaquel,57,34.9,0.39,1998,1925,145019,2.872,0.038
202012,334019013,VELA PERFUMADA 9 GRANDE,Centro de Anaquel,57,27.9,0.51,1925,49137,143754,2.884,0.961
201802,346019010,VELA PERFUMADA 9 MEDIANA,Cabecera de Gondola,55,26.9,0.51,49137,11047,140209,2.554,3.448
201804,346019010,VELA PERFUMADA 9 MEDIANA,Centro de Anaquel,56,27.95,0.5,11047,2610,138996,2.587,3.233
201804,346019010,VELA PERFUMADA 9 MEDIANA,Nivel Alto Anaquel,56,41.9,0.25,2610,208,138996,2.587,11.548
201805,346019010,VELA PERFUMADA 9 MEDIANA,Cabecera de Gondola,56,27.9,0.5,208,12150,132480,2.594,0.983
201806,346019010,VELA PERFUMADA 9 MEDIANA,Nivel Alto Anaquel,56,40.9,0.27,12150,386,147994,2.586,30.477
201807,346019010,VELA PERFUMADA 9 MEDIANA,Centro de Anaquel,56,28,0.5,386,3348,144259,2.621,0.885
201808,346019010,VELA PERFUMADA 9 MEDIANA,Nivel Alto Anaquel,56,32.9,0.41,3348,2267,135043,2.629,0.477
201809,346019010,VELA PERFUMADA 9 MEDIANA,Centro de Anaquel,56,24.95,0.55,2267,7145,144582,2.716,0.683
201809,346019010,VELA PERFUMADA 9 MEDIANA,Nivel Alto Anaquel,56,42.9,0.23,7145,400,144582,2.716,16.863
201811,346019010,VELA PERFUMADA 9 MEDIANA,Nivel Alto Anaquel,56,32.9,0.41,400,1245,148618,2.775,0.679
201812,346019010,VELA PERFUMADA 9 MEDIANA,Cabecera de Gondola,56,27.9,0.5,1245,7355,144560,2.794,0.831
201901,346019010,VELA PERFUMADA 9 MEDIANA,Nivel Alto Anaquel,56,32.9,0.41,7355,1238,149276,2.81,4.941
201904,346019010,VELA PERFUMADA 9 MEDIANA,Nivel Alto Anaquel,56,41.9,0.25,1238,130,137034,2.771,8.523
201905,346019010,VELA PERFUMADA 9 MEDIANA,Nivel Alto Anaquel,56,43.9,0.22,130,5,138018,2.802,25
201907,346019010,VELA PERFUMADA 9 MEDIANA,Centro de Anaquel,56,26.9,0.52,5,5107,117980,2.791,0.999
201909,346019010,VELA PERFUMADA 9 MEDIANA,Cabecera de Gondola,56,27.9,0.5,5107,7347,116299,2.821,0.305
201910,346019010,VELA PERFUMADA 9 MEDIANA,Cabecera de Gondola,58,27.9,0.52,7347,0,118188,2.806,0
201912,346019010,VELA PERFUMADA 9 MEDIANA,Cabecera de Gondola,58,26.9,0.54,0,20544,119694,2.798,1
202004,346019010,VELA PERFUMADA 9 MEDIANA,Cabecera de Gondola,58,27.9,0.52,20544,11658,132351,2.836,0.762
202006,346019010,VELA PERFUMADA 9 MEDIANA,Nivel Alto Anaquel,58,39.9,0.31,11658,436,135748,2.848,25.739
202008,346019010,VELA PERFUMADA 9 MEDIANA,Nivel Alto Anaquel,58,39.9,0.31,436,576,141185,2.86,0.243
202009,346019010,VELA PERFUMADA 9 MEDIANA,Centro de Anaquel,58,27.9,0.52,576,4037,142949,2.866,0.857
202011,346019010,VELA PERFUMADA 9 MEDIANA,Nivel Alto Anaquel,58,39.9,0.31,4037,565,147122,2.878,6.145
202012,346019010,VELA PERFUMADA 9 MEDIANA,Cabecera de Gondola,58,26.9,0.54,565,18049,143754,2.884,0.969
201802,356019010,VELA PERFUMADA 8 MEDIANA,Nivel Alto Anaquel,110,74.9,0.32,18049,196,140209,2.554,91.087
201803,356019010,VELA PERFUMADA 8 MEDIANA,Nivel Alto Anaquel,110,74.9,0.32,196,74,137783,2.572,1.649
201804,356019010,VELA PERFUMADA 8 MEDIANA,Nivel Alto Anaquel,115,75.9,0.34,74,258,138996,2.587,0.713
201806,356019010,VELA PERFUMADA 8 MEDIANA,Centro de Anaquel,115,56.9,0.51,258,746,147994,2.586,0.654
201807,356019010,VELA PERFUMADA 8 MEDIANA,Centro de Anaquel,115,57.9,0.5,746,929,144259,2.621,0.197
201808,356019010,VELA PERFUMADA 8 MEDIANA,Nivel Alto Anaquel,115,80.9,0.3,929,126,135043,2.629,6.373
201810,356019010,VELA PERFUMADA 8 MEDIANA,Centro de Anaquel,115,57.9,0.5,126,670,144188,2.771,0.812
201901,356019010,VELA PERFUMADA 8 MEDIANA,Nivel Alto Anaquel,115,80.9,0.3,670,4,149276,2.81,166.5
201902,356019010,VELA PERFUMADA 8 MEDIANA,Centro de Anaquel,115,54.9,0.52,4,941,139074,2.772,0.996
201903,356019010,VELA PERFUMADA 8 MEDIANA,Nivel Alto Anaquel,115,68.9,0.4,941,291,139525,2.776,2.234
201904,356019010,VELA PERFUMADA 8 MEDIANA,Nivel Alto Anaquel,115,74.9,0.35,291,63,137034,2.771,3.619
201905,356019010,VELA PERFUMADA 8 MEDIANA,Nivel Alto Anaquel,115,85.9,0.25,63,3,138018,2.802,20
201906,356019010,VELA PERFUMADA 8 MEDIANA,Nivel Alto Anaquel,115,85.9,0.25,3,204,131891,2.79,0.985
201907,356019010,VELA PERFUMADA 8 MEDIANA,Nivel Alto Anaquel,115,79.9,0.31,204,184,117980,2.791,0.109
201908,356019010,VELA PERFUMADA 8 MEDIANA,Nivel Alto Anaquel,115,67.9,0.41,184,223,119003,2.811,0.175
201909,356019010,VELA PERFUMADA 8 MEDIANA,Nivel Alto Anaquel,115,74.9,0.35,223,5,116299,2.821,43.6
201910,356019010,VELA PERFUMADA 8 MEDIANA,Centro de Anaquel,125,59.9,0.52,5,455,118188,2.806,0.989
201911,356019010,VELA PERFUMADA 8 MEDIANA,Nivel Alto Anaquel,125,84.9,0.32,455,169,119271,2.808,1.692
202003,356019010,VELA PERFUMADA 8 MEDIANA,Centro de Anaquel,125,62.5,0.5,169,314,129348,2.83,0.462
202004,356019010,VELA PERFUMADA 8 MEDIANA,Centro de Anaquel,125,64.9,0.48,314,486,132351,2.836,0.354
202006,356019010,VELA PERFUMADA 8 MEDIANA,Centro de Anaquel,125,61.9,0.5,486,180,135748,2.848,1.7
202008,356019010,VELA PERFUMADA 8 MEDIANA,Nivel Alto Anaquel,125,73.9,0.41,180,253,141185,2.86,0.289
202010,356019010,VELA PERFUMADA 8 MEDIANA,Nivel Alto Anaquel,125,74.9,0.4,253,272,145019,2.872,0.07
202012,356019010,VELA PERFUMADA 8 MEDIANA,Nivel Alto Anaquel,125,79.9,0.36,272,180,143754,2.884,0.511
201802,377019010,VELA PERFUMADA 3 GRANDE,Nivel Alto Anaquel,140,89.9,0.36,180,371,140209,2.554,0.515
201803,377019010,VELA PERFUMADA 3 GRANDE,Nivel Alto Anaquel,140,95.9,0.32,371,91,137783,2.572,3.077
201806,377019010,VELA PERFUMADA 3 GRANDE,Nivel Alto Anaquel,145,100.9,0.3,91,462,147994,2.586,0.803
201807,377019010,VELA PERFUMADA 3 GRANDE,Centro de Anaquel,145,69.9,0.52,462,2275,144259,2.621,0.797
201808,377019010,VELA PERFUMADA 3 GRANDE,Nivel Alto Anaquel,145,86.9,0.4,2275,308,135043,2.629,6.386
201809,377019010,VELA PERFUMADA 3 GRANDE,Nivel Alto Anaquel,145,88.9,0.39,308,47,144582,2.716,5.553
201810,377019010,VELA PERFUMADA 3 GRANDE,Nivel Alto Anaquel,145,86.9,0.4,47,206,144188,2.771,0.772
201811,377019010,VELA PERFUMADA 3 GRANDE,Centro de Anaquel,145,69.9,0.52,206,615,148618,2.775,0.665
201812,377019010,VELA PERFUMADA 3 GRANDE,Nivel Alto Anaquel,145,86.9,0.4,615,592,144560,2.794,0.039
201901,377019010,VELA PERFUMADA 3 GRANDE,Nivel Alto Anaquel,145,84.9,0.41,592,526,149276,2.81,0.125
201902,377019010,VELA PERFUMADA 3 GRANDE,Nivel Alto Anaquel,145,86.9,0.4,526,407,139074,2.772,0.292
201903,377019010,VELA PERFUMADA 3 GRANDE,Nivel Alto Anaquel,145,86.9,0.4,407,463,139525,2.776,0.121
201904,377019010,VELA PERFUMADA 3 GRANDE,Nivel Alto Anaquel,145,86.9,0.4,463,174,137034,2.771,1.661
201906,377019010,VELA PERFUMADA 3 GRANDE,Cabecera de Gondola,145,49.9,0.66,174,13649,131891,2.79,0.987
201907,377019010,VELA PERFUMADA 3 GRANDE,Centro de Anaquel,145,71.9,0.5,13649,578,117980,2.791,22.614
201907,377019010,VELA PERFUMADA 3 GRANDE,Cabecera de Gondola,145,49.9,0.66,578,0,117980,2.791,0
201908,377019010,VELA PERFUMADA 3 GRANDE,Nivel Alto Anaquel,145,86.9,0.4,0,370,119003,2.811,1
201910,377019010,VELA PERFUMADA 3 GRANDE,Cabecera de Gondola,146,49.9,0.66,370,9262,118188,2.806,0.96
201911,377019010,VELA PERFUMADA 3 GRANDE,Centro de Anaquel,146,75.9,0.48,9262,435,119271,2.808,20.292
201911,377019010,VELA PERFUMADA 3 GRANDE,Cabecera de Gondola,146,49.9,0.66,435,0,119271,2.808,0
201912,377019010,VELA PERFUMADA 3 GRANDE,Nivel Alto Anaquel,146,99.9,0.32,0,333,119694,2.798,1
202001,377019010,VELA PERFUMADA 3 GRANDE,Cabecera de Gondola,146,49.9,0.66,333,12548,127615,2.81,0.973
202002,377019010,VELA PERFUMADA 3 GRANDE,Nivel Alto Anaquel,146,86.9,0.4,12548,451,118552,2.824,26.823
202005,377019010,VELA PERFUMADA 3 GRANDE,Nivel Alto Anaquel,146,69.9,0.52,451,657,136865,2.842,0.314
202007,377019010,VELA PERFUMADA 3 GRANDE,Nivel Alto Anaquel,146,89.9,0.38,657,449,139501,2.854,0.463
202008,377019010,VELA PERFUMADA 3 GRANDE,Nivel Alto Anaquel,146,89.9,0.38,449,461,141185,2.86,0.026
202009,377019010,VELA PERFUMADA 3 GRANDE,Nivel Alto Anaquel,146,94.9,0.35,461,440,142949,2.866,0.048
202012,377019010,VELA PERFUMADA 3 GRANDE,Nivel Alto Anaquel,146,84.9,0.42,440,591,143754,2.884,0.255
201804,390019018,VELA PERFUMADA 3 CHICA,Nivel Alto Anaquel,70,39.9,0.43,591,973,138996,2.587,0.393
201805,390019018,VELA PERFUMADA 3 CHICA,Nivel Alto Anaquel,70,43.9,0.37,973,638,132480,2.594,0.525
201806,390019018,VELA PERFUMADA 3 CHICA,Centro de Anaquel,70,34.9,0.5,638,2576,147994,2.586,0.752
201807,390019018,VELA PERFUMADA 3 CHICA,Nivel Alto Anaquel,70,43.9,0.37,2576,494,144259,2.621,4.215
201808,390019018,VELA PERFUMADA 3 CHICA,Cabecera de Gondola,70,32.9,0.53,494,7200,135043,2.629,0.931
201809,390019018,VELA PERFUMADA 3 CHICA,Nivel Alto Anaquel,70,47.9,0.32,7200,250,144582,2.716,27.8
201810,390019018,VELA PERFUMADA 3 CHICA,Nivel Alto Anaquel,70,41.9,0.4,250,152,144188,2.771,0.645
201811,390019018,VELA PERFUMADA 3 CHICA,Centro de Anaquel,70,34.9,0.5,152,1359,148618,2.775,0.888
201812,390019018,VELA PERFUMADA 3 CHICA,Nivel Alto Anaquel,70,41.9,0.4,1359,201,144560,2.794,5.761
201901,390019018,VELA PERFUMADA 3 CHICA,Nivel Alto Anaquel,70,39.9,0.43,201,827,149276,2.81,0.757
201902,390019018,VELA PERFUMADA 3 CHICA,Centro de Anaquel,70,34.9,0.5,827,1918,139074,2.772,0.569
201903,390019018,VELA PERFUMADA 3 CHICA,Nivel Alto Anaquel,70,41.9,0.4,1918,252,139525,2.776,6.611
201904,390019018,VELA PERFUMADA 3 CHICA,Centro de Anaquel,70,34.9,0.5,252,713,137034,2.771,0.647
201905,390019018,VELA PERFUMADA 3 CHICA,Nivel Alto Anaquel,70,44.9,0.36,713,339,138018,2.802,1.103
201906,390019018,VELA PERFUMADA 3 CHICA,Nivel Alto Anaquel,70,49.9,0.29,339,307,131891,2.79,0.104
201907,390019018,VELA PERFUMADA 3 CHICA,Centro de Anaquel,70,34.9,0.5,307,747,117980,2.791,0.589
201908,390019018,VELA PERFUMADA 3 CHICA,Nivel Alto Anaquel,70,47.9,0.32,747,137,119003,2.811,4.453
201909,390019018,VELA PERFUMADA 3 CHICA,Nivel Alto Anaquel,70,39.9,0.43,137,308,116299,2.821,0.555
201911,390019018,VELA PERFUMADA 3 CHICA,Nivel Alto Anaquel,70,44.9,0.36,308,373,119271,2.808,0.174
202003,390019018,VELA PERFUMADA 3 CHICA,Nivel Alto Anaquel,70,39.9,0.43,373,338,129348,2.83,0.104
202004,390019018,VELA PERFUMADA 3 CHICA,Nivel Alto Anaquel,70,44.9,0.36,338,423,132351,2.836,0.201
202005,390019018,VELA PERFUMADA 3 CHICA,Centro de Anaquel,70,34.9,0.5,423,922,136865,2.842,0.541
202007,390019018,VELA PERFUMADA 3 CHICA,Nivel Alto Anaquel,70,42.9,0.39,922,339,139501,2.854,1.72
202009,390019018,VELA PERFUMADA 3 CHICA,Centro de Anaquel,70,35.9,0.49,339,490,142949,2.866,0.308
